{
  "prusti-tests/tests/verify/pass/rosetta/Knuth_shuffle.rs": [
    2.243596102999959,
    1.9119049810000206,
    1.9003755449999744,
    1.8283753959999558,
    1.819150272999991,
    1.8704316849999714,
    1.846572617999982,
    1.8390560569999934,
    1.8021033580000676,
    1.8321234879999793
  ],
  "prusti-tests/tests/verify/pass/demos/account.rs": [
    1.648109125000019,
    1.6709357949999912,
    1.656742533000056,
    1.6772386449999885,
    1.6955118390000052,
    1.6718128769999794,
    1.6849190000000362,
    1.6923064799999565,
    1.6401650959999188,
    1.6286587600000075
  ],
  "prusti-tests/tests/verify/pass/rosetta/Knights_tour.rs": [
    99.720714133,
    99.36582037000016,
    98.74064294000004,
    100.37508939999998,
    97.53555424899992,
    98.75893947600002,
    98.50021434600012,
    99.38084205399991,
    97.82163390000005,
    99.44848676800007
  ],
  "prusti-tests/tests/verify/pass/quick/fold-unfold.rs": [
    1.1100486949999322,
    1.1019913389998237,
    1.1129689780000263,
    1.099446553000007,
    1.1012265439999283,
    1.1021750380000412,
    1.0978130439998495,
    1.0962257529999988,
    1.1169215369998255,
    1.111192969000058
  ],
  "prusti-tests/tests/verify/pass/quick/moves.rs": [
    1.3397145870001168,
    1.3415019779999966,
    1.3414244200000667,
    1.3344702159999997,
    1.3363747040000362,
    1.3419049729998278,
    1.3411452770001233,
    1.3307851370000208,
    1.3361922530000356,
    1.3276474159999907
  ],
  "prusti-tests/tests/verify/pass/quick/mut-borrows.rs": [
    2.641511410000021,
    2.630291272000022,
    2.6229499239998404,
    2.6433153640000455,
    2.622292780999942,
    2.6274731380001413,
    2.62911153999994,
    2.636955616000023,
    2.637276289000056,
    2.648388176000026
  ],
  "prusti-tests/tests/verify/pass/quick/shared-borrows.rs": [
    1.660831704000202,
    1.6783848029999717,
    1.6716120880000744,
    1.6707758569998532,
    1.6912122370001725,
    1.6776072319999003,
    1.6672846030000983,
    1.675447455000267,
    1.6690966070000286,
    1.6641940429999522
  ],
  "prusti-tests/tests/verify/pass/quick/trait-contracts-refinement.rs": [
    1.498616851999941,
    1.5040410130000055,
    1.466782362000231,
    1.4522707629998877,
    1.4669193559998348,
    1.4545952459998261,
    1.4520271649998904,
    1.4713119349999033,
    1.4538524880003934,
    1.4453526489996875
  ],
  "prusti-tests/tests/verify/pass/quick/routes.rs": [
    4.398144895999849,
    4.1077309130000685,
    4.029664777999642,
    3.9575870399999076,
    3.9583229380000375,
    3.9937890480000533,
    4.005734774999837,
    3.966456888000266,
    3.9593622359998335,
    3.9541552959999535
  ],
  "prusti-tests/tests/verify/pass/quick/fibonacci.rs": [
    4.99674023200032,
    5.026003181000306,
    5.038484638000227,
    4.993307519000155,
    5.047930929999893,
    4.982362201999877,
    4.9705877589999545,
    4.985932017999858,
    4.982998008999857,
    4.980346394999742
  ],
  "prusti-tests/tests/verify/pass/pure-fn/len-lookup.rs": [
    2.9284434299997883,
    2.9288786649999565,
    2.9076378039999327,
    2.9201047300002756,
    2.921881902000223,
    2.9183800250002605,
    2.900598225000067,
    2.9179869439999493,
    2.882742279000013,
    2.895320821000041
  ],
  "prusti-tests/tests/verify/pass/pure-fn/quantifiers.rs": [
    1.7827979909998248,
    1.778728718000366,
    1.7901326490000429,
    1.777830324000206,
    1.7813588009998966,
    1.7902065440002843,
    1.7868992639996577,
    1.7901564300000246,
    1.7964994760000081,
    1.7970903720001843
  ],
  "prusti-tests/tests/verify/pass/pure-fn/recursive-pure-fn.rs": [
    1.645729459999984,
    1.5769591089997448,
    1.5869461070001307,
    1.6135882449998462,
    1.5852034280001135,
    1.5857563250001476,
    1.5985854420000578,
    1.5688068240001485,
    1.5688601799997741,
    1.5917129370000112
  ],
  "prusti-tests/tests/verify/pass/pure-fn/ref-mut-arg.rs": [
    2.321422169000016,
    2.303544301000329,
    2.3132223749998957,
    2.3306623680000484,
    2.3133517710002707,
    2.325968807999743,
    2.33360335999987,
    2.3215079360002164,
    2.3300489050002398,
    2.3027539760000764
  ],
  "prusti-tests/tests/verify/pass/rosetta/Ackermann_function.rs": [
    1.6434703199997784,
    1.6361285680000037,
    1.6410877710000022,
    1.628217124999992,
    1.6355694779999794,
    1.6319725009998365,
    1.6310812060000899,
    1.6438380249996953,
    1.657230206999884,
    1.6422344030002023
  ],
  "prusti-tests/tests/verify/pass/rosetta/Heapsort.rs": [
    9.711605653000333,
    9.68388875499977,
    9.549677816999974,
    9.565859552999882,
    9.627117450000242,
    9.596305983000093,
    9.6832897889999,
    9.63944383900025,
    9.629087512999831,
    9.610869948999607
  ]
}