{
  "prusti-tests/tests/verify/pass/rosetta/Knuth_shuffle.rs": [
    2.2523676619999833,
    1.9195968400000538,
    1.892995772000063,
    1.8788472929999216,
    1.8353960570000254,
    1.8404809489999252,
    1.81605588299999,
    1.783556132000058,
    1.8025091029999203,
    1.8002575069999693
  ],
  "prusti-tests/tests/verify/pass/demos/account.rs": [
    1.6150674830000753,
    1.628050963000078,
    1.6222810719998506,
    1.630650358999901,
    1.6181877779999922,
    1.633440753999821,
    1.631034758000169,
    1.62063427399994,
    1.6009138029999121,
    1.6206271730000026
  ],
  "prusti-tests/tests/verify/pass/rosetta/Knights_tour.rs": [
    105.18050715300001,
    102.69992722100005,
    103.18256248500006,
    99.56511938900007,
    100.77904743900012,
    100.34172581899998,
    99.58119321100003,
    100.636255957,
    102.76639723799985,
    103.56613770699983
  ],
  "prusti-tests/tests/verify/pass/quick/fold-unfold.rs": [
    1.1114510950001204,
    1.1025495080002656,
    1.0999463109997123,
    1.101871808999931,
    1.082322135999675,
    1.0899007250000068,
    1.0918507989999853,
    1.09075988099994,
    1.0954946739998377,
    1.0970321720001266
  ],
  "prusti-tests/tests/verify/pass/quick/moves.rs": [
    1.3158659470000202,
    1.32018644100026,
    1.3137023739996039,
    1.31311453599983,
    1.3322992099997464,
    1.3320299110000633,
    1.3102505389997532,
    1.306397244999971,
    1.3293265120000797,
    1.309611915000005
  ],
  "prusti-tests/tests/verify/pass/quick/mut-borrows.rs": [
    2.564760005000153,
    2.5645514059997367,
    2.568054767000376,
    2.58889555199994,
    2.5589013960002376,
    2.570454373999837,
    2.5692555870000433,
    2.5902521590001015,
    2.5830467679998037,
    2.5539758079999046
  ],
  "prusti-tests/tests/verify/pass/quick/shared-borrows.rs": [
    1.6419395550001354,
    1.6452102500002184,
    1.6350027640000917,
    1.6308878689997073,
    1.626663174999976,
    1.6260962760002258,
    1.6382309599998734,
    1.6333449630001269,
    1.624062734999825,
    1.6235728359997665
  ],
  "prusti-tests/tests/verify/pass/quick/trait-contracts-refinement.rs": [
    1.501924505000261,
    1.4391208930001085,
    1.4541715719997228,
    1.4351450869999098,
    1.4489332650000506,
    1.432611887999883,
    1.4219892030000665,
    1.455009856000288,
    1.4245790099998885,
    1.4237944680003238
  ],
  "prusti-tests/tests/verify/pass/quick/routes.rs": [
    4.369115343999965,
    4.098822277999716,
    4.055734170000051,
    3.9307158999999956,
    3.9610906969996904,
    3.957791215999805,
    3.94556256199985,
    3.998153137999907,
    3.952141481000126,
    3.922500015999958
  ],
  "prusti-tests/tests/verify/pass/quick/fibonacci.rs": [
    5.0344175039999755,
    5.0282605990000775,
    5.009358419999899,
    5.004732621999665,
    5.040823369999998,
    5.031533282000055,
    4.975674662000074,
    5.185332662000292,
    5.028099671999826,
    5.009101699999974
  ],
  "prusti-tests/tests/verify/pass/pure-fn/len-lookup.rs": [
    2.9699244499997803,
    2.9846283299998504,
    2.9330980019999515,
    2.9276121099997,
    2.912914026999715,
    2.933259698999791,
    2.9141259119996903,
    2.9216519679998783,
    2.919872770999973,
    2.914555559999826
  ],
  "prusti-tests/tests/verify/pass/pure-fn/quantifiers.rs": [
    1.805469925000125,
    1.820668803999979,
    1.790884847000143,
    1.8003172859998813,
    1.7938880299998345,
    1.8070778109999992,
    1.809569406999799,
    1.8020760180002071,
    1.8129536390001704,
    1.7966376660001515
  ],
  "prusti-tests/tests/verify/pass/pure-fn/recursive-pure-fn.rs": [
    1.618266918000245,
    1.6002730430000156,
    1.6079699470001287,
    1.59491981400015,
    1.582086531999721,
    1.5917093190000742,
    1.601200806000179,
    1.5910909119997996,
    1.6072222610000608,
    1.5921464819998619
  ],
  "prusti-tests/tests/verify/pass/pure-fn/ref-mut-arg.rs": [
    2.3633235080001214,
    2.3571623180000643,
    2.3503925410000193,
    2.3634153230000265,
    2.3584933289998844,
    2.337696941000104,
    2.347261003999847,
    2.352775297000335,
    2.3381471460002103,
    2.3456788120001875
  ],
  "prusti-tests/tests/verify/pass/rosetta/Ackermann_function.rs": [
    1.6472711709998293,
    1.635501985999781,
    1.636695585000325,
    1.634884429000067,
    1.6277807169999505,
    1.6421768179998253,
    1.6344172290000643,
    1.6480740120000519,
    1.6372162579996257,
    1.6433274510000047
  ],
  "prusti-tests/tests/verify/pass/rosetta/Heapsort.rs": [
    9.673716874000093,
    9.437511633999748,
    9.645669756000188,
    9.514470759000233,
    9.398985220999748,
    9.304361341000003,
    9.289983199999824,
    9.199641248000262,
    9.241649226999925,
    9.293851037999957
  ]
}